url,real_domain,url_category,domain_category,page_type,record_count,brands_in_responses,was_crawled,page_title
"https://montgohealth.com/what-are-the-best-home-health-care-agencies-in-dubai/","montgohealth.com","Comparison Article","hospital_clinic","inner_page",314,7,false,""
"https://care24.ae/best-home-care-company-in-dubai/","care24.ae","Comparison Article","healthcare_provider","inner_page",228,7,false,""
"https://www.vestacare.ae/blog/how-to-choose-best-home-nursing-service-dubai","vestacare.ae","Comparison Article","healthcare_provider","blog_post",218,7,true,"Choose Best Home Nursing Service in Dubai | Vesta Care"
"https://www.nightingaledubai.com/","nightingaledubai.com","Brand Homepage","healthcare_provider","homepage",209,7,true,"Leading Home Health Care Services in Dubai | Home Health Care Agency | Nightingale Dubai"
"https://ensun.io/search/caregiver/united-arab-emirates","ensun.io","Directory Listing","business_directory","profile",154,7,false,""
"https://www.reddit.com/r/dubai/comments/1o4j9tl/looking_for_reliable_home_health_care_in_dubai/","reddit.com","Community Thread","community","thread_page",113,7,false,""
"https://vitalzone.ae/testimonials/","vitalzone.ae","Review Platform","healthcare_provider","review_page",112,6,false,""
"https://nmc.ae/en/speciality/home-care","nmc.ae","Brand Inner Page","hospital_clinic","inner_page",94,7,false,""
"https://neohealth.ae/","neohealth.ae","Brand Homepage","healthcare_provider","homepage",93,6,false,""
"https://www.hmsmirdifhospital.ae/en/departments/best-home-care-services-dubai","hmsmirdifhospital.ae","Comparison Article","hospital_clinic","inner_page",90,6,false,""
"https://www.lifewinhomecare.com/","lifewinhomecare.com","Brand Homepage","healthcare_provider","homepage",90,7,false,""
"https://www.vestacare.ae/home-nursing/elderly-care-at-home-in-dubai","vestacare.ae","Brand Service Page","healthcare_provider","inner_page",75,6,false,""
"https://elderlycareindubai.com/","elderlycareindubai.com","Directory Listing","healthcare_directory","homepage",74,6,true,"#1 Elderly Care In Dubai | Home Care For Seniors- Yad Al Amal"
"https://yadalamal.com/","yadalamal.com","Brand Homepage","healthcare_provider","homepage",69,6,false,""
"https://www.carehubuae.com/","carehubuae.com","Brand Homepage","healthcare_provider","homepage",68,6,false,""
"https://enayati.ae/","enayati.ae","Brand Homepage","healthcare_provider","homepage",63,5,false,""
"https://digitalmarketingdeal.me/blog/home-nursing-services-in-dubai/","digitalmarketingdeal.me","News / PR","news_media","blog_post",60,6,true,"Top 10 Home Nursing Services in Dubai 2024 &#8211; Updated Rankings &#8211; Business Listing Site UAE DUBAI &#8211; List Your Business Free"
"https://www.quora.com/Whats-the-best-home-healthcare-company-in-Dubai","quora.com","Community Thread","community","thread_page",60,7,false,""
"https://enayati.ae/testimonials/","enayati.ae","Review Platform","healthcare_provider","review_page",59,6,false,""
"https://www.eurekahomehealthcare.com/","eurekahomehealthcare.com","Brand Homepage","healthcare_provider","homepage",59,7,false,""
"https://besthomecare.ae/elderly-care/","besthomecare.ae","Comparison Article","healthcare_provider","inner_page",51,6,false,""
"https://emahs.ae/home-nursing-services-in-dubai/","emahs.ae","Brand Homepage","healthcare_provider","inner_page",49,7,false,""
"https://aimshealthcare.ae/","aimshealthcare.ae","Brand Homepage","healthcare_provider","homepage",48,6,false,""
"https://trusteddoctors.ae/best-home-care-company-in-dubai-a-guide-to-quality-and-compassion-at-home/","trusteddoctors.ae","Directory Listing","healthcare_provider","inner_page",46,6,false,""
"https://jprhomehealthcare.com/best-home-health-care-in-dubai/","jprhomehealthcare.com","Comparison Article","healthcare_provider","inner_page",44,6,false,""
"https://emahs.ae/elderly-home-healthcare-dubai/","emahs.ae","Brand Homepage","healthcare_provider","inner_page",43,5,false,""
"https://www.eurekahomehealthcare.com/elderly-caregiver-services-in-dubai/","eurekahomehealthcare.com","Brand Homepage","healthcare_provider","inner_page",38,5,false,""
"https://sublimehomecare.com/","sublimehomecare.com","Brand Homepage","healthcare_provider","homepage",38,6,false,""
"https://risallanursing.ae/","risallanursing.ae","Brand Homepage","healthcare_provider","homepage",37,6,false,""
"https://bestdochealthcare.ae/","bestdochealthcare.ae","Brand Homepage","healthcare_provider","homepage",34,6,false,""
"https://jprhomehealthcare.com/list-of-best-home-health-care-companies-in-abu-dhabi/","jprhomehealthcare.com","Comparison Article","healthcare_provider","inner_page",32,5,false,""
"https://www.mordorintelligence.com/industry-reports/market-entry-home-healthcare-industry-in-uae/companies","mordorintelligence.com","Market Research","market_research","company_profile",31,6,true,"UAE Home Healthcare Industry Companies - Top Company List"
"https://neohealth.ae/home-health-care1/elderly-cares","neohealth.ae","Brand Service Page","healthcare_provider","inner_page",30,6,false,""
"https://www.nightingaledubai.com/testimonials/","nightingaledubai.com","Review Platform","healthcare_provider","review_page",30,6,true,"Testimonials"
"https://www.lifewinhomecare.com/post/explore-the-premier-home-care-services-in-dubai","lifewinhomecare.com","Brand Blog / Article","healthcare_provider","article",28,6,false,""
"https://pegasushealthcare.ae/","pegasushealthcare.ae","Brand Homepage","healthcare_provider","homepage",25,6,false,""
"https://www.vestacare.ae/services/physiotherapy-rehabilitation","vestacare.ae","Brand Service Page","healthcare_provider","service_page",23,5,true,"Physiotherapy &amp; Rehabilitation at Home in Dubai | Vesta Care"
"https://www.omegacaredubai.com/","omegacaredubai.com","Brand Homepage","healthcare_provider","homepage",23,5,false,""
"https://ikshanahealthcare.com/elderly-and-geriatric/","ikshanahealthcare.com","Brand Homepage","healthcare_provider","inner_page",22,4,false,""
"https://elderlycareindubai.com/what-are-the-top-elderly-care-services-available-in-dubai-discover-the-options-for-your-loved-ones/","elderlycareindubai.com","Directory Listing","healthcare_directory","listing_page",22,6,true,"What Are The Top Elderly Care Services Available In Dubai? Discover The Options For Your Loved Ones"
"https://health.baabeetv.com/?p=5","health.baabeetv.com","News / PR","news_media","homepage",21,6,true,"Top 10 Elderly Home Care Services in Dubai &#8211; health.baabeetv.com"
"https://snappycare.com/elderly-care/","snappycare.com","Brand Homepage","healthcare_provider","inner_page",20,5,false,""
"https://nadzhealthcare.com/home-care/home-nursing-supportive-care/","nadzhealthcare.com","Brand Homepage","healthcare_provider","inner_page",18,5,false,""
"https://intel-care.ae/nurses-at-home/","intel-care.ae","Brand Homepage","healthcare_provider","inner_page",17,5,false,""
"https://elderlycareindubai.com/comparing-elderly-care-services-in-dubai-finding-the-right-fit-for-your-loved-one/","elderlycareindubai.com","Directory Listing","healthcare_directory","listing_page",16,5,true,"Comparing Elderly Care Services In Dubai: Find The Right Fit"
"https://calldoctor.ae/service/home-healthcare-dubai/","calldoctor.ae","Brand Homepage","healthcare_provider","service_page",16,5,false,""
"https://immunitydoctors.com/top-4-home-nursing-services-in-dubai/","immunitydoctors.com","Comparison Article","healthcare_provider","inner_page",16,5,false,""
"https://www.amazinghomehealthcareuae.com/","amazinghomehealthcareuae.com","Brand Homepage","healthcare_provider","homepage",16,4,false,""
"https://emahs.ae/private-nursing-care/","emahs.ae","Brand Homepage","healthcare_provider","inner_page",15,5,false,""
"https://www.pflege.ae/post/nurse-at-home-in-dubai","pflege.ae","Brand Blog / Article","healthcare_provider","article",15,4,false,""
"https://servicemarket.com/service-provider/vestacare-home","servicemarket.com","Directory Listing","healthcare_directory","listing_page",14,4,true,"Vesta Care Home Health Care Center LLC - Dubai | ServiceMarket"
"https://healthfinder.ae/listings/yad-al-amal-home-health-care-center-in-dubai/","healthfinder.ae","Directory Listing","healthcare_directory","listing_page",14,4,true,"Yad Al Amal | Home Health Care Center In Dubai Reviews, Hours &amp; Contact Details"
"https://baytihealth.com/caregiver-services/","baytihealth.com","Brand Homepage","healthcare_provider","inner_page",14,5,false,""
"https://jprhomehealthcare.com/best-elderly-care_service-in-dubai-abu-dhabi-ajman-sharjah-al-ain-ras-al-khaimah/","jprhomehealthcare.com","Comparison Article","healthcare_provider","inner_page",13,4,false,""
"https://www.vestacare.ae/services/home-nursing","vestacare.ae","Brand Service Page","healthcare_provider","service_page",13,4,true,"Home Nursing Services Dubai | 24/7 Home Health Care Services"
"https://care24.ae/","care24.ae","Brand Homepage","healthcare_provider","homepage",13,5,false,""
"https://health1.ae/","health1.ae","Directory Listing","healthcare_provider","homepage",13,5,false,""
"https://healthfinder.ae/listings/life-win-home-health-care-center/","healthfinder.ae","Directory Listing","healthcare_directory","listing_page",13,4,false,""
"https://yadalamal.com/home-care-nursing-in-dubai/","yadalamal.com","Brand Homepage","healthcare_provider","inner_page",12,5,false,""
"https://www.reddit.com/r/DubaiCentral/comments/1o4k11y/looking_for_reliable_home_health_care_in_dubai/","reddit.com","Community Thread","community","thread_page",12,5,false,""
"https://homecare.lifelineuae.ae/","homecare.lifelineuae.ae","Brand Homepage","healthcare_provider","homepage",12,4,false,""
"https://www.quora.com/Where-can-I-find-reliable-home-care-services-in-Dubai","quora.com","Community Thread","community","thread_page",12,4,false,""
"https://firstresponsehealthcare.com/blog/ae/dubai/10-things-to-keep-in-mind-before-finding-reliable-home-care-services-in-dubai/","firstresponsehealthcare.com","Brand Homepage","healthcare_provider","blog_post",11,3,true,"10 Tips for Choosing Reliable Home Health Care Services in Dubai"
"https://forum.creuniversity.com/t/how-care24-is-redefining-home-medical-services-in-dubai/152401","forum.creuniversity.com","Community Thread","community","thread_page",11,5,true,"How Care24 is Redefining Home Medical Services in Dubai - CREUniversity Real Estate Investing Forum"
"https://www.lifewinhomecare.com/elderly-care-athome","lifewinhomecare.com","Brand Service Page","healthcare_provider","inner_page",11,4,false,""
"https://www.vestacare.ae/services/assisted-living-rehabilitation-homes","vestacare.ae","Brand Service Page","healthcare_provider","service_page",11,4,true,"Assisted Living &amp; Rehabilitation in Dubai | Vesta Care"
"https://24x7.trusteddoctors.ae/","24x7.trusteddoctors.ae","Directory Listing","healthcare_provider","homepage",11,4,true,"Expert Medical Care | Trusted Healthcare Services at Home"
"https://www.nightingaledubai.com/why-more-dubai-residents-are-choosing-doctor-at-home-services-over-clinic-visits/","nightingaledubai.com","Brand Homepage","healthcare_provider","inner_page",11,5,false,""
"https://healthfinder.ae/listings/nightingale-home-healthcare-dubai/","healthfinder.ae","Directory Listing","healthcare_directory","listing_page",10,4,true,"Nightingale Home Care DXB – IV Drips, Reviews, Contact &amp; Map"
"https://oxygenhealth.ae/","oxygenhealth.ae","Brand Homepage","healthcare_provider","homepage",10,3,false,""
"https://malaak.me/services/elderly-care/","malaak.me","Brand Homepage","healthcare_provider","service_page",10,3,false,""
"https://www.gimcdubai.com/departments/home-care/","gimcdubai.com","Brand Homepage","hospital_clinic","inner_page",10,6,false,""
"https://www.quora.com/Where-can-I-find-home-nursing-services-in-Dubai","quora.com","Community Thread","community","thread_page",10,4,false,""
"https://healthfinder.ae/listings/bayti-home-healthcare-llc/","healthfinder.ae","Directory Listing","healthcare_directory","listing_page",10,5,false,""
"https://ae.indeed.com/cmp/Bayti-Home-Healthcare-LLC/reviews?fcountry=AE&floc=Abu+Dhabi","ae.indeed.com","Jobs Listing","jobs_platform","review_page",10,5,false,""
"https://snappycare.com/","snappycare.com","Brand Homepage","healthcare_provider","homepage",9,4,false,""
"https://snappycare.com/home-nursing-services/","snappycare.com","Brand Homepage","healthcare_provider","inner_page",9,4,false,""
"https://trusteddoctors.ae/","trusteddoctors.ae","Directory Listing","healthcare_provider","homepage",9,4,false,""
"https://trusteddoctors.ae/elderly-care-services/","trusteddoctors.ae","Directory Listing","healthcare_provider","inner_page",9,4,false,""
"https://care24.ae/home-care-services-comfort-confidential-convenience-care-at-your-doorstep/","care24.ae","Brand Homepage","healthcare_provider","inner_page",9,4,false,""
"https://emirateshomenursing.ae/child-care-2/","emirateshomenursing.ae","Brand Homepage","healthcare_provider","inner_page",9,5,false,""
"https://emirateshomenursing.ae/elderly-care-services-dubai/","emirateshomenursing.ae","Brand Homepage","healthcare_provider","inner_page",9,4,false,""
"https://www.omegacaredubai.com/palliative-care/","omegacaredubai.com","Brand Homepage","healthcare_provider","inner_page",9,5,false,""
"https://healthfinder.ae/listings/%F0%9F%9A%91-%F0%9D%91%AC%F0%9D%92%99%F0%9D%92%84%F0%9D%92%86%F0%9D%92%91%F0%9D%92%95%F0%9D%92%8A%F0%9D%92%90%F0%9D%92%8F%F0%9D%92%82%F0%9D%92%8D-%F0%9D%91%B4%F0%9D%92%86%F0%9D%92%85%F0%9D%92%8A/","healthfinder.ae","Directory Listing","healthcare_directory","listing_page",9,4,false,""
"https://yadalamal.com/best-mother-and-child-home-care-centers-in-dubai-where-quality-meets-care/","yadalamal.com","Comparison Article","healthcare_provider","inner_page",9,5,false,""
"https://healthfinder.ae/listings/carehub-home-nursing-services/","healthfinder.ae","Directory Listing","healthcare_directory","listing_page",9,5,false,""
"https://healthfinder.ae/listings/eureka-home-health-care-center-llc/","healthfinder.ae","Directory Listing","healthcare_directory","listing_page",9,4,false,""
"https://healthfinder.ae/listings/first-response-healthcare-dubai/","healthfinder.ae","Directory Listing","healthcare_directory","listing_page",9,4,true,"First Response Healthcare DXB – Home IV, Reviews &amp; Bookings"
"https://healthfinder.ae/listings/trusted-doctors-2/","healthfinder.ae","Directory Listing","healthcare_directory","listing_page",9,4,false,""
"https://healthfinder.ae/listings/vesta-care-home-health-care-center/","healthfinder.ae","Directory Listing","healthcare_directory","listing_page",9,4,true,"Vesta Care Home Health Care Center Reviews, Hours &amp; Contact Details"
"https://www.nightingaledubai.com/palliative-care-at-home/","nightingaledubai.com","Brand Homepage","healthcare_provider","inner_page",9,5,false,""
"https://jprhomehealthcare.com/home-palliative-care/","jprhomehealthcare.com","Brand Homepage","healthcare_provider","inner_page",9,5,false,""
"https://jprhomehealthcare.com/post-surgery-home-care/","jprhomehealthcare.com","Brand Homepage","healthcare_provider","inner_page",9,5,false,""
"https://medilifeglobal.com/in-home-physiotherapy-service-dubai/","medilifeglobal.com","Brand Homepage","healthcare_provider","inner_page",9,5,false,""
"https://modernfamilymedicalcentre.com/homecare-in-dubai/","modernfamilymedicalcentre.com","Brand Homepage","hospital_clinic","inner_page",9,2,false,""
"https://nadzhealthcare.com/home-care/physiotherapy-at-home/","nadzhealthcare.com","Brand Homepage","healthcare_provider","inner_page",9,5,false,""
"https://neohealth.ae/parenthood/child-care","neohealth.ae","Brand Inner Page","healthcare_provider","inner_page",9,5,false,""
"https://www.jalees.ae/testimonials/","jalees.ae","Review Platform","healthcare_provider","review_page",9,4,false,""
"https://www.nightingaledubai.com/doctor-on-call-dubai/","nightingaledubai.com","Directory Listing","healthcare_provider","profile",8,2,true,"Doctor on Call in Dubai | 24/7 Home &amp; Hotel Visits in 30 Minutes"
"https://lanalifecare.com/home-nursing-services-cost/","lanalifecare.com","Brand Homepage","healthcare_provider","inner_page",8,4,false,""
"https://lanalifecare.com/","lanalifecare.com","Brand Homepage","healthcare_provider","homepage",8,4,false,""
"https://oncalldoctordubai.com/","oncalldoctordubai.com","Brand Homepage","healthcare_provider","homepage",8,2,true,"Doctor On Call | Hotel & Home Doctor Visit Services in Dubai"
"https://www.justlife.com/en-AE/nurse-care-at-home-dubai","justlife.com","Directory Listing","healthcare_directory","listing_page",8,4,false,""
"https://jprhomehealthcare.com/","jprhomehealthcare.com","Brand Homepage","healthcare_provider","homepage",8,4,false,""
"https://www.sitejabber.com/reviews/nmc.ae","sitejabber.com","Review Platform","review_platform","review_page",8,4,false,""
"https://gracehousecall.ae/physiotherapy-at-home-dubai/","gracehousecall.ae","Brand Homepage","healthcare_provider","inner_page",8,3,true,"Physiotherapy at Home @199 AED - Get a Free Assessment"
"https://www.carehubuae.com/home-nursing-services-dubai","carehubuae.com","Brand Service Page","healthcare_provider","inner_page",8,4,false,""
"https://www.vestacare.ae/","vestacare.ae","Brand Homepage","healthcare_provider","homepage",8,2,true,"Lab Tests, Doctor on Call, &amp; Home Nursing Dubai | Vesta Care"
"https://www.mediclinic.ae/en/corporate/ayadi-homecare.html","mediclinic.ae","Brand Inner Page","hospital_clinic","inner_page",8,4,false,""
"https://www.trustindex.io/reviews/vestacare.ae","trustindex.io","Review Platform","review_platform","review_page",8,2,true,"Vesta Care Home Health Care Center Reviews 2026 | Trustindex.io - Trustindex.io"
"https://www.alhanan-hns.ae/en/","alhanan-hns.ae","Brand Homepage","healthcare_provider","inner_page",8,4,false,""
"https://sidrahc.com/","sidrahc.com","Brand Homepage","hospital_clinic","homepage",8,4,false,""
"https://m.edarabia.com/lana-life-care-dubai-uae/","m.edarabia.com","News / PR","news_media","article",8,4,false,""
"https://www.mordorintelligence.com/industry-reports/market-entry-home-healthcare-industry-in-uae","mordorintelligence.com","Market Research","market_research","article",7,2,true,"UAE Home Healthcare Market - Size, Outlook & Trends"
"https://healthfinder.ae/listings/al-rahmah-home-nursing/","healthfinder.ae","Directory Listing","healthcare_directory","listing_page",7,4,false,""
"https://insurancemarket.ae/health-insurance/home-health-care-in-dubai/","insurancemarket.ae","Directory Listing","business_directory","inner_page",7,3,false,""
"https://bestdochealthcare.ae/services/nurse-at-home/","bestdochealthcare.ae","Brand Homepage","healthcare_provider","service_page",7,4,false,""
"https://ishraqcare.ae/","ishraqcare.ae","Brand Homepage","healthcare_provider","homepage",7,4,false,""
"https://carexperts-homenursing.com/home-health-care-vs-hospital-care-which-is-right-in-dubai/","carexperts-homenursing.com","Brand Homepage","healthcare_provider","inner_page",7,3,false,""
"https://oradoctors.com/best-home-care-for-elderly/","oradoctors.com","Comparison Article","hospital_clinic","inner_page",7,4,false,""
"https://yadalamal.com/choosing-elderly-home-care-in-dubai/","yadalamal.com","Brand Homepage","healthcare_provider","inner_page",6,3,false,""
"https://healthfinder.ae/listings/eureka-home-health-care-home-nursing-services-in-dubai-24-7/","healthfinder.ae","Directory Listing","healthcare_directory","listing_page",6,3,false,""
"https://www.dubaihealthlicense.com/directory/nightingale-health-services-co-l-l-c-home-health-care-2/","dubaihealthlicense.com","Government / Regulatory","government","inner_page",6,3,false,""
"https://emahs.ae/why-home-physiotherapy-services-in-dubai-are-best-for-elderly-care/","emahs.ae","Comparison Article","healthcare_provider","inner_page",6,3,false,""
"https://immunitydoctors.com/why-choose-elderly-home-care-in-dubai/","immunitydoctors.com","Brand Homepage","healthcare_provider","inner_page",6,3,false,""
"https://intel-care.ae/comprehensive-elderly-care-solutions-at-home-in-dubai/","intel-care.ae","Brand Homepage","healthcare_provider","inner_page",6,3,false,""
"https://jm.linkedin.com/company/sublime-home-care","jm.linkedin.com","Social Media Profile","social_media","company_profile",6,2,true,"Sublime Nursing | LinkedIn"
"https://jprhomehealthcare.com/7-reasons-why-home-care-in-dubai-is-better-than-a-nursing-home/","jprhomehealthcare.com","Brand Homepage","healthcare_provider","inner_page",6,3,false,""
"https://easyhealthcare.ae/testimonial","easyhealthcare.ae","Review Platform","healthcare_provider","review_page",6,3,true,"Patient Testimonials | Easy Healthcare Dubai Reviews"
"https://royal-maison.com/best-domestic-staffing-agency-for-families/","royal-maison.com","Comparison Article","healthcare_provider","inner_page",6,4,false,""
"https://www.nightingaledubai.com/home-health-care/","nightingaledubai.com","Brand Homepage","healthcare_provider","inner_page",6,3,false,""
"https://www.nightingaledubai.com/baby-child-care/","nightingaledubai.com","Brand Homepage","healthcare_provider","inner_page",6,4,false,""
"https://www.dubaireview.ae/listing/nightingale-health-services/","dubaireview.ae","Review Platform","review_platform","review_page",6,3,false,""
"https://montgohealth.com/what-are-the-best-home-health-care-agencies-in-dubai/","montgohealth.com","Comparison Article","hospital_clinic","service_page",6,2,true,"What Are the Best Home Health Care Agencies in Dubai? - Montgo Health Systems"
"https://24x7dubai.firstresponsehealthcare.com/doctor-on-call/","24x7dubai.firstresponsehealthcare.com","Brand Homepage","healthcare_provider","service_page",6,2,true,"24/7 Doctor On Call In Dubai: Home Visit In 30 Minutes"
"https://www.linkedin.com/company/nightingale-home-health-care-llc","linkedin.com","Social Media Profile","social_media","company_profile",6,2,true,"Nightingale Home Health Care LLC | LinkedIn"
"https://care24.ae/services/elder-care-services/","care24.ae","Brand Homepage","healthcare_provider","service_page",6,4,false,""
"https://services.dha.gov.ae/sheryan/wps/portal/home/medical-directory/facility-details?facilityId=6734036","services.dha.gov.ae","Government / Regulatory","government","inner_page",6,4,false,""
"https://www.doctify.com/en-ae/practice/bayti-home-health-care-center","doctify.com","Review Platform","review_platform","review_page",6,3,false,""
"https://www.lifewinhomecare.com/post/the-benefits-of-home-health-care-for-the-elderly-in-dubai-a-lifewin-home-healthcare-guide","lifewinhomecare.com","Brand Blog / Article","healthcare_provider","article",6,3,false,""
"https://www.corx.ae/elderly-care-services-in-dubai-providing-comfort-and-dignity-at-home/","corx.ae","Brand Homepage","healthcare_provider","inner_page",6,3,false,""
"https://www.privatecare.ae/elderly-care-dubai/","privatecare.ae","Brand Homepage","healthcare_provider","inner_page",6,4,false,""
"https://health2home.ae/al-zeyarat-home-healthcare-accredited-by-jci-joint-commission-international/","health2home.ae","Brand Homepage","healthcare_provider","inner_page",6,3,false,""
"https://forum.creuniversity.com/t/trusted-doctor-redefining-convenient-confidential-and-compassionate-healthcare-in-dubai/152402","forum.creuniversity.com","Community Thread","community","thread_page",6,3,false,""
"https://www.doctify.com/en-ae/practice/nightingale-polyclinic","doctify.com","Review Platform","review_platform","review_page",6,3,false,""
"https://baytihealth.com/","baytihealth.com","Brand Homepage","healthcare_provider","homepage",6,3,false,""
"https://uat.firstresponsehealthcare.com/ae/dubai","uat.firstresponsehealthcare.com","Brand Inner Page","healthcare_provider","service_page",5,1,true,"24/7 Home Healthcare Services in Dubai | First Response Healthcare"
"https://firstresponsehealthcare.com/blog/ae/dubai/the-benefits-of-physiotherapy-sessions-at-home-in-jumeirah/","firstresponsehealthcare.com","Brand Homepage","healthcare_provider","blog_post",5,1,true,"The Benefits of Physiotherapy Sessions at Home in Jumeirah"
"https://www.vestacare.ae/home-nursing/post-operative-care","vestacare.ae","Brand Blog / Article","healthcare_provider","service_page",5,1,true,"Post Operative Care Dubai | DHA Licensed Home Nurses"
"https://firstresponsehealthcare.com/ae/dubai/home-nursing-services/elderly-care","firstresponsehealthcare.com","Brand Service Page","healthcare_provider","service_page",5,1,true,"Elderly Care at Home By First Response Healthcare"
"https://fastcareuae.com/services/dubai-home-care/","fastcareuae.com","Brand Homepage","healthcare_provider","service_page",5,3,true,"Home Nursing Services | Trusted Home Nurse Care Dubai, UAE"
"https://feelvaleo.com/product/nurse-on-call?utm_source=openai","feelvaleo.com","Brand Inner Page","hospital_clinic","product_page",5,4,false,""
"https://healthfinder.ae/listings/nightingale-health-services/","healthfinder.ae","Directory Listing","healthcare_directory","listing_page",5,1,true,"Nightingale Health Services Reviews, Hours &amp; Contact Details"
"https://gludo.org/en/business-directory/584-manzil-healthcare-services---mhcs","gludo.org","Other","community","thread_page",5,1,true,"Manzil Healthcare Services - MHCS  - Dubai"
"https://healthfinder.ae/listings/emirates-home-nursing-llc/","healthfinder.ae","Directory Listing","healthcare_directory","listing_page",5,1,true,"Emirates Home Nursing LLC Reviews, Hours &amp; Contact Details"
"https://healthfinder.ae/listings/emirates-home-nursing-llc-3/","healthfinder.ae","Directory Listing","healthcare_directory","listing_page",5,1,true,"Emirates Home Nursing LLC Reviews, Hours &amp; Contact Details"
"https://healthfinder.ae/jumeirah/specialists/physiotherapists/","healthfinder.ae","Directory Listing","healthcare_directory","listing_page",5,2,true,"Best Physiotherapists in Jumeirah near me"
"https://www.nightingaledubai.com/home-health-care/","nightingaledubai.com","Brand Homepage","healthcare_provider","service_page",5,2,true,"Home Health Care - Nightingale Health Services – Home Healthcare &amp; Polyclinic Dubai"
"https://www.trustpilot.com/review/firstresponse.ae","trustpilot.com","Review Platform","review_platform","review_page",5,1,true,"First Response Healthcare Reviews | Read Customer Service Reviews of firstresponse.ae"
"https://uk.linkedin.com/company/nightingale-home-nursing-dubai","uk.linkedin.com","Social Media Profile","social_media","company_profile",5,1,true,"Nightingale Health Services LLC | LinkedIn"
"https://www.doctify.com/en-ae/practice/fastcare-home-healthcare","doctify.com","Review Platform","review_platform","review_page",5,4,false,""
"https://www.royalclinicdubai.com/en-ae/home-healthcare/home-nursing/?utm_source=openai","royalclinicdubai.com","Brand Service Page","hospital_clinic","inner_page",5,3,false,""
"https://firstresponsehealthcare.com/ae/dubai/jci-accreditation","firstresponsehealthcare.com","Directory Listing","healthcare_provider","profile",5,1,true,"First Response Healthcare Receives JCI Gold Accreditation | Doctor on Call Dubai | Home, Hotels - 24x7x365"
"https://elitestylehomecare.com/services/elderly-geriatric-care/","elitestylehomecare.com","Brand Homepage","healthcare_provider","service_page",5,5,false,""
"https://yadalamal.com/best-mother-and-child-home-care-centers-in-dubai-where-quality-meets-care/","yadalamal.com","Brand Homepage","healthcare_provider","service_page",5,1,true,"Best Mother and Child Home Care Centers in Dubai"
"https://homenurse.ae/","homenurse.ae","Brand Homepage","healthcare_provider","homepage",5,1,true,"Doctor on Call Dubai | 24/7 Home Visit Doctors – Fast, Reliable Medical Care"
"https://www.vestacare.ae/home-nursing/elderly-care-at-home-in-dubai","vestacare.ae","Brand Service Page","healthcare_provider","service_page",5,1,true,"Elderly Care at Home in Dubai | Senior Care | Vesta Care"
"https://firstresponsehealthcare.com/ae/dubai","firstresponsehealthcare.com","Brand Inner Page","healthcare_provider","service_page",5,1,true,"24/7 Home Healthcare Services in Dubai | First Response Healthcare"
"https://firstresponsehealthcare.com/ae/dubai/home-nursing-services","firstresponsehealthcare.com","Brand Service Page","healthcare_provider","service_page",5,1,true,"Home Nursing Services in Dubai | 24/7 Nursing at Home"
"https://healthservehhc.co/","healthservehhc.co","Brand Homepage","healthcare_provider","homepage",5,3,false,""
"https://emirateshomenursing.ae/child-care-2/","emirateshomenursing.ae","Brand Homepage","healthcare_provider","service_page",5,1,true,"Child Care Services in Dubai – Best Nanny &amp; Child Care in Dubai"
"https://expatsofdubai.com/business/emirates-home-nursing/","expatsofdubai.com","News / PR","news_media","article",5,1,true,"Emirates Home Nursing"
"https://healthfinder.ae/listings/bacora-home-healthcare/","healthfinder.ae","Directory Listing","healthcare_directory","listing_page",5,4,false,""
"https://www.dubaihealthlicense.com/directory/nightingale-health-services-co-l-l-c-home-health-care-2/","dubaihealthlicense.com","Government / Regulatory","government","service_page",5,1,true,"Nightingale Health Services Co L L C Home Health Care - Dubai Health License"
"https://www.vestacare.ae/home-nursing/post-natal-care","vestacare.ae","Brand Blog / Article","healthcare_provider","service_page",5,1,true,"Post-Natal Care in Dubai | Mother &amp; Baby Care at Home"
"https://manzilhealth.com/manzil-healthcare-launches-office-in-dubai/","manzilhealth.com","Brand Homepage","healthcare_provider","service_page",5,1,true,"Manzil Healthcare launches Office in Dubai &#8211; Manzil Healthcare Services"
"https://doctoroncall.ae/","doctoroncall.ae","Brand Homepage","healthcare_provider","homepage",5,1,true,"Doctor on Call® | 24/7 Fast, Reliable Medical Care at Home"
"https://www.indeed.com/cmp/American-Homecare/reviews","indeed.com","Jobs Listing","jobs_platform","review_page",4,4,false,""
"https://2gis.ae/dubai/firm/70000001060280124?utm_source=openai","2gis.ae","Directory Listing","healthcare_directory","listing_page",4,3,false,""
"https://ae.indeed.com/cmp/Al-Zeyarat-Home-Health-Care-Centre-1/reviews?fcountry=ALL","ae.indeed.com","Jobs Listing","jobs_platform","review_page",4,4,false,""
"https://ae.indeed.com/cmp/Bayti-Home-Healthcare/reviews","ae.indeed.com","Jobs Listing","jobs_platform","review_page",4,4,false,""
"https://ae.indeed.com/cmp/First-Response-Healthcare-LLC/reviews?fcountry=AE&floc=Al+Barsha","ae.indeed.com","Jobs Listing","jobs_platform","review_page",4,4,false,""
"https://ae.indeed.com/cmp/First-Response-Healthcare-LLC/reviews?fcountry=AE&floc=Dubai","ae.indeed.com","Jobs Listing","jobs_platform","review_page",4,4,false,""
"https://ae.indeed.com/cmp/Manzil-Healthcare-Services/reviews?utm_source=openai","ae.indeed.com","Jobs Listing","jobs_platform","review_page",4,3,false,""
"https://ae.indeed.com/cmp/Thb-Homecare-LLC/reviews","ae.indeed.com","Jobs Listing","jobs_platform","review_page",4,4,false,""
"https://ae.indeed.com/cmp/Thb-Homecare-LLC/salaries/Home-Care-Nurse/Dubai","ae.indeed.com","Jobs Listing","jobs_platform","job_listing",4,4,false,""
"https://bestdochealthcare.ae/12-reasons-to-choose-best-doc-home-healthcare/","bestdochealthcare.ae","Comparison Article","healthcare_provider","inner_page",4,2,false,""
"https://carelinkdmcc.ae/?utm_source=openai","carelinkdmcc.ae","Brand Homepage","healthcare_provider","homepage",4,4,false,""
"https://emirateshomenursing.ae/","emirateshomenursing.ae","Brand Homepage","healthcare_provider","homepage",4,1,true,"Home Nursing Services in Dubai | Emirates Home Nursing Services"
"https://emirateshomenursing.ae/elderly-care-services-dubai/","emirateshomenursing.ae","Brand Homepage","healthcare_provider","service_page",4,1,true,"Elderly Care Services at Home in Dubai - Compassionate Home ..."
"https://healthfinder.ae/bur-dubai/specialists/palliative-care-specialists/","healthfinder.ae","Directory Listing","healthcare_directory","listing_page",4,1,true,"Best Palliative Care Specialists in Bur Dubai near me"
"https://healthfinder.ae/listings/amsa-home-healthcare-llc-4/","healthfinder.ae","Directory Listing","healthcare_directory","listing_page",4,4,false,""
"https://healthfinder.ae/listings/best-doc-home-healthcare-2/","healthfinder.ae","Directory Listing","healthcare_directory","listing_page",4,2,false,""
"https://healthfinder.ae/listings/best-doc-home-healthcare/","healthfinder.ae","Directory Listing","healthcare_directory","listing_page",4,2,false,""
"https://healthfinder.ae/listings/fastcare-home-health-care-24-7-doctor-on-call-iv-therapy-blood-test/","healthfinder.ae","Directory Listing","healthcare_directory","listing_page",4,4,false,""
"https://healthfinder.ae/listings/health-24-7-radiology-clinic-dubai-festival-city/","healthfinder.ae","Directory Listing","healthcare_directory","listing_page",4,2,false,""
"https://healthfinder.ae/listings/nadz-healthcare/","healthfinder.ae","Directory Listing","healthcare_directory","listing_page",4,2,false,""
"https://healthfinder.ae/listings/nas-home-health-care/","healthfinder.ae","Directory Listing","healthcare_directory","listing_page",4,4,false,""
"https://healthfinder.ae/listings/sidra-healthcare/","healthfinder.ae","Directory Listing","healthcare_directory","listing_page",4,4,false,""
"https://healthfinder.ae/listings/vital-zone-home-dubai-quality-home-care-newborn-baby-elderly-services-by-expert-nurses-babysitting-in-dubai-2/","healthfinder.ae","Directory Listing","healthcare_directory","listing_page",4,2,false,""
"https://in.indeed.com/cmp/Care24/reviews","in.indeed.com","Jobs Listing","jobs_platform","review_page",4,4,false,""
"https://nadzhealthcare.com/doctor-on-call-services/","nadzhealthcare.com","Brand Homepage","healthcare_provider","inner_page",4,2,false,""
"https://sublimehomecare.com/?utm_source=openai","sublimehomecare.com","Brand Homepage","healthcare_provider","homepage",4,4,false,""
"https://vitalzone.ae/","vitalzone.ae","Brand Homepage","healthcare_provider","homepage",4,2,false,""
"https://www.dubaisbest.com/best-elderly-care-facilities-dubai/","dubaisbest.com","Directory Listing","healthcare_directory","listing_page",4,1,true,"Reviewing the Best Folks Who Can Give You VIP Senior Care"
"https://www.dubaisbest.com/best-home-healthcare-dubai/","dubaisbest.com","Directory Listing","healthcare_directory","listing_page",4,2,false,""
"https://www.indeed.com/cmp/Americare-Home-Health-Services/reviews?fcountry=ALL","indeed.com","Jobs Listing","jobs_platform","review_page",4,4,false,""
"https://www.justdial.com/Delhi/Care24-Near-Saidulajaib-Near-Saket-Metro-Station-Mehrauli/011PXX11-XX11-161229054731-G8I7_BZDET/reviews","justdial.com","Review Platform","review_platform","review_page",4,2,false,""
"https://www.linkcentre.com/ae/health-medicine/home-care-nursing/","linkcentre.com","Review Platform","review_platform","review_page",4,2,false,""
"https://www.medcare.ae/en/home-services-list.html?utm_source=openai","medcare.ae","Brand Inner Page","hospital_clinic","inner_page",4,4,false,""
"https://www.royalclinicdubai.com/en-ae/home-healthcare/home-nursing/","royalclinicdubai.com","Brand Homepage","hospital_clinic","inner_page",4,2,false,""
"https://www.simshomehealthcare.ae/?utm_source=openai","simshomehealthcare.ae","Brand Homepage","healthcare_provider","homepage",4,3,false,""
"https://www.trustpilot.com/review/intel-care.ae","trustpilot.com","Review Platform","review_platform","review_page",4,2,false,""
"https://www.trustpilot.com/review/myhealthathand.com","trustpilot.com","Review Platform","review_platform","review_page",4,2,false,""
"https://www.asterclinic.ae/aster-at-home/nurse-at-home/?utm_source=openai","asterclinic.ae","Brand Inner Page","hospital_clinic","inner_page",3,3,false,""
"https://immunitydoctors.com/aboutus/","immunitydoctors.com","Brand Homepage","healthcare_provider","inner_page",3,2,false,""
"https://www.housecall.ae/","housecall.ae","Brand Homepage","healthcare_provider","homepage",3,2,false,""
"https://immunitydoctors.com/","immunitydoctors.com","Brand Homepage","healthcare_provider","homepage",3,2,false,""
"https://www.asterclinic.ae/aster-at-home/doctor-at-home/?utm_source=openai","asterclinic.ae","Brand Service Page","hospital_clinic","inner_page",3,3,false,""
"https://www.nightingaledubai.com/why-more-dubai-residents-are-choosing-doctor-at-home-services-over-clinic-visits/","nightingaledubai.com","Brand Homepage","healthcare_provider","service_page",3,1,true,"Why Dubai residents prefer Doctor at Home services | Nightingale"
"https://www.vestacare.ae/home-nursing/post-natal-care","vestacare.ae","Brand Blog / Article","healthcare_provider","inner_page",3,2,false,""
"https://doctorsathome.ae/services/elderly-care-services/?utm_source=openai","doctorsathome.ae","Directory Listing","healthcare_directory","service_page",3,3,false,""
"https://healthcall.ae/?utm_source=openai","healthcall.ae","Brand Homepage","healthcare_provider","homepage",3,3,false,""
"https://www.vestacare.ae/home-nursing/post-operative-care","vestacare.ae","Brand Blog / Article","healthcare_provider","inner_page",3,2,false,""
"https://services.dha.gov.ae/sheryan/wps/portal/home/medical-directory/facility-details/%21ut/p/z1/04_Sj9CPykssy0xPLMnMz0vMAfIjo8zijTw93D2MnA38_U08zQwCnV2NvF2DzQ0MDIz1w8EKDHAARwP9KEL6o1CVWPg6mRgEevtbmPo6-hsB1aAr8DczcjQI9HcKNTLydjRAKMDjhuDEIv2C3AiDzIB0RQAEL5A7/dz/d5/L0lHSkovd0RNQUZrQUVnQSEhLzROVkUvZW4%21/?facilityId=0002486&utm_source=openai","services.dha.gov.ae","Government / Regulatory","government","inner_page",3,3,false,""
"https://gracehousecall.ae/doctor-at-home/","gracehousecall.ae","Brand Homepage","healthcare_provider","inner_page",3,2,false,""
"https://www.dubaireview.ae/listing/vesta-care-home-health-care-center/","dubaireview.ae","Review Platform","review_platform","review_page",3,2,false,""
"https://arabiamd.com/ae/clinic/3104/enayati-home-health-care-center-llc","arabiamd.com","Brand Inner Page","hospital_clinic","location_page",3,2,false,""
"https://dhealthhomecare.com/","dhealthhomecare.com","Brand Homepage","healthcare_provider","homepage",3,2,false,""
"https://www.edurar.com/AL_HANAN_HOME_HEALTH_CARE_CENTER?utm_source=openai","edurar.com","Other","general_web","inner_page",3,3,false,""
"https://emirateshospitals.ae/locations/emirates-rehabilitation-homecare-jumeirah/?utm_source=openai","emirateshospitals.ae","Brand Inner Page","hospital_clinic","location_page",3,3,false,""
"https://www.reddit.com/r/dubai/comments/1kk97xf?utm_source=openai","reddit.com","Community Thread","community","thread_page",3,2,false,""
"https://apollocare.ae/our-services/elderly-care/?utm_source=openai","apollocare.ae","Brand Service Page","hospital_clinic","service_page",3,3,false,""
"https://www.medcare.ae/en/home-services/nurse-home.html?utm_source=openai","medcare.ae","Brand Inner Page","hospital_clinic","inner_page",3,3,false,""
"https://emahs.ae/elderly-home-healthcare-dubai/","emahs.ae","Brand Homepage","healthcare_provider","service_page",3,1,true,"Elderly Home Healthcare in Dubai | Elderly Home Nursing"
"https://amanahealthcare.com/services/home-healthcare/?utm_source=openai","amanahealthcare.com","Brand Service Page","healthcare_provider","service_page",3,3,false,""
"https://test.nightingaledubai.com/?utm_source=openai","test.nightingaledubai.com","Brand Homepage","healthcare_provider","homepage",3,3,false,""
"https://www.dha.gov.ae/uploads/012025/Home%20Healthcare%20Services2025156534.pdf?utm_source=openai","dha.gov.ae","Government / Regulatory","government","inner_page",3,3,false,""
"https://meamarkets.digital/winners/nightingale-health-services-llc-2/?utm_source=openai","meamarkets.digital","News / PR","news_media","article",3,3,false,""
"https://www.gooddoctoruae.com/service/skilled-nursing-care-at-home?utm_source=openai","gooddoctoruae.com","Directory Listing","healthcare_directory","service_page",3,3,false,""
"https://www.dha.gov.ae/uploads/062022/health_regulation_5-12-19202263580.pdf?utm_source=openai","dha.gov.ae","Government / Regulatory","government","inner_page",3,3,false,""
"https://emahs.ae/private-nursing-care/","emahs.ae","Brand Homepage","healthcare_provider","service_page",3,1,true,"Home Nursing Services in Dubai | #1 Private Home Care Nurses"
"https://www.nightingaledubai.com/doctor-on-call-dubai/","nightingaledubai.com","Brand Homepage","healthcare_provider","inner_page",3,2,false,""
"https://www.dhcc.ae/gallery/Standard%20for%20License%20Home%20Healthcare%20Services.pdf?utm_source=openai","dhcc.ae","Government / Regulatory","government","inner_page",3,2,false,""
"https://neohealth.ae/parenthood/maternity","neohealth.ae","Brand Inner Page","healthcare_provider","inner_page",3,2,false,""
"https://neohealth.ae/how-dha-licensed-home-nurses-improve-patient-recovery","neohealth.ae","Brand Inner Page","healthcare_provider","inner_page",3,2,false,""
"https://kingscollegehospitaldubai.com/service/home-healthcare/?utm_source=openai","kingscollegehospitaldubai.com","Brand Service Page","hospital_clinic","service_page",3,3,false,""
"https://www.dha.gov.ae/en/medical-listing/professionals?utm_source=openai","dha.gov.ae","Government / Regulatory","government","inner_page",3,3,false,""
"https://healthcall.ae/elderly-care-at-home?utm_source=openai","healthcall.ae","Brand Service Page","healthcare_provider","inner_page",2,2,false,""
"https://www.vestacare.ae/contact-us","vestacare.ae","Brand About / Contact","healthcare_provider","contact_page",2,1,true,"Contact Us | Vesta Care Home HealthCare Center LLC"
"https://emahs.ae/a-complete-guide-to-home-health-care-services-in-dubai-for-families-and-seniors/","emahs.ae","Brand Homepage","healthcare_provider","service_page",2,1,true,"Home Health Care in Dubai: Services &amp; Benefits"
"https://trucareplus.ae/","trucareplus.ae","Brand Homepage","healthcare_provider","homepage",2,1,true,"TruCare Plus: Doctor On Call Dubai – 24/7 Doctor at Your Doorstep"
"https://www.vestacare.ae/services","vestacare.ae","Brand Service Page","healthcare_provider","service_page",2,1,true,"Our Services | Vesta Care Home HealthCare Center LLC"
"https://www.aldurrahcare.ae/?utm_source=openai","aldurrahcare.ae","Brand Homepage","healthcare_provider","homepage",2,2,false,""
"https://vestacare.ae/contact-us/?utm_source=openai","vestacare.ae","Brand About / Contact","healthcare_provider","contact_page",2,2,false,""
"https://www.dubaireview.ae/listing/healthserve-home-healthcare/?utm_source=openai","dubaireview.ae","Review Platform","review_platform","review_page",2,2,false,""
"https://www.fakeeh.health/ambulatory-care-services/home-health-care?utm_source=openai","fakeeh.health","Brand Inner Page","hospital_clinic","inner_page",2,2,false,""
"https://nabdhomecare.com/how-to-choose-the-best-home-healthcare-provider-in-dubai-what-to-look-for-and-what-to-avoid/?utm_source=openai","nabdhomecare.com","Comparison Article","healthcare_provider","inner_page",2,2,false,""
"https://mydoctorhealthcare.com/nursing-care-at-home/?utm_source=openai","mydoctorhealthcare.com","Brand Inner Page","healthcare_provider","inner_page",2,2,false,""
"https://www.nightingaledubai.com/baby-child-care/","nightingaledubai.com","Brand Homepage","healthcare_provider","service_page",2,1,true,"Newborn &amp; Child Care at Home in Dubai"
"https://livhhc.ae/","livhhc.ae","Brand Homepage","healthcare_provider","homepage",2,1,true,"Doctor at Home in Dubai | Doctor on Call &amp; Home Visit Services"
"https://stage.nightingalepolyclinic.ae/?utm_source=openai","stage.nightingalepolyclinic.ae","Brand Homepage","healthcare_provider","homepage",2,2,false,""
"https://www.nightingaledubai.com/home-maternity-care-can-give-you-immense-care-and-relief-if-you-are-an-expat-and-expecting-mother-in-dubai/","nightingaledubai.com","Brand Homepage","healthcare_provider","service_page",2,1,true,"Home maternity care can give you immense care and relief if you are an expat and expecting mother in Dubai - Nightingale Health Services – Home Healthcare &amp; Polyclinic Dubai"
"https://care24.ae/services/doctor-at-home/","care24.ae","Brand Homepage","healthcare_provider","service_page",2,1,true,"Doctor at Home in Dubai | 24/7 Home Visit Doctors | Care24®"
"https://www.okadoc.com/en-ae/dubai/home-services","okadoc.com","Directory Listing","healthcare_directory","listing_page",2,1,true,"Best Home Services in Dubai | Okadoc"
"https://emahs.ae/growing-demand-for-home-healthcare-in-dubai/","emahs.ae","Brand Homepage","healthcare_provider","service_page",2,1,true,"Home Health Care in Dubai: Trends &amp; Insights"
"https://callmydoctor.ae/","callmydoctor.ae","Brand Homepage","healthcare_provider","homepage",2,1,true,"Doctor on Call in Dubai | 24/7 Home Healthcare Services"
"https://www.provenexpert.com/en-us/kindcaredoctors/","provenexpert.com","Review Platform","review_platform","review_page",2,1,true,"KindCareDoctors Reviews &amp; Experiences"
"https://gracehousecall.ae/?utm_source=openai","gracehousecall.ae","Brand Homepage","healthcare_provider","homepage",2,2,false,""
"https://bestdoctor247.com/about-us/?utm_source=openai","bestdoctor247.com","Comparison Article","healthcare_provider","inner_page",2,2,false,""
"https://emahs.ae/why-home-physiotherapy-services-in-dubai-are-best-for-elderly-care/","emahs.ae","Brand Homepage","healthcare_provider","service_page",2,1,true,"Home Physiotherapy in Dubai for Elderly Care"
"https://www.reddit.com/r/dubai/comments/1o4j9tl/looking_for_reliable_home_health_care_in_dubai/?utm_source=openai","reddit.com","Community Thread","community","thread_page",2,2,false,""
"https://www.reddit.com/r/dubai/comments/1p02d8a/nanny_service_or_drop_in_daycare/?utm_source=openai","reddit.com","Community Thread","community","thread_page",2,2,false,""
"https://emahs.ae/why-dubai-residents-are-turning-to-home-physiotherapy-services-for-faster-healing/","emahs.ae","Brand Homepage","healthcare_provider","inner_page",2,1,true,"Physiotherapy at home | Heal Faster at Home with EMAHS"
"https://ae.indeed.com/cmp/Pflege-Home-Healthcare/reviews?utm_source=openai","ae.indeed.com","Jobs Listing","jobs_platform","review_page",2,2,false,""
"https://trudocgroup.com/faqs/","trudocgroup.com","Brand Homepage","hospital_clinic","faq_page",2,1,true,"FAQ&#8217;s &#8211; TruDoc"
"https://emahs.ae/the-rise-in-popularity-of-home-health-care-in-dubai-recent-trends-and-insights/","emahs.ae","Brand Homepage","healthcare_provider","service_page",2,1,true,"Home Health Care in Dubai: Trends &amp; Insights"
"https://www.trustindex.io/reviews/lanalifecare.com/lang/en?utm_source=openai","trustindex.io","Review Platform","review_platform","review_page",2,2,false,""
"https://emahs.ae/home-nursing-services-in-dubai/","emahs.ae","Brand Homepage","healthcare_provider","service_page",2,1,true,"Home Nursing Services in Dubai | #1 Private Home Care Nurses"
"https://zaubee.com/biz/aster-at-home-homecare-9mr6v0ij?utm_source=openai","zaubee.com","Directory Listing","healthcare_directory","listing_page",2,2,false,""
"https://twinklehomehealthcare.com/?utm_source=openai","twinklehomehealthcare.com","Brand Homepage","healthcare_provider","homepage",1,1,false,""
"https://care24.ae/services/elderly-nursing-care/?utm_source=openai","care24.ae","Brand Service Page","healthcare_provider","service_page",1,1,false,""
"https://simshomehealthcare.ae/","simshomehealthcare.ae","Brand Homepage","healthcare_provider","homepage",1,1,true,"24/7 Doctor On Call | SIMS Home Healthcare Dubai"
"https://risallanursing.ae/homecare/?utm_source=openai","risallanursing.ae","Brand Inner Page","healthcare_provider","inner_page",1,1,false,""
"https://pflege.ae/?utm_source=openai","pflege.ae","Brand Homepage","healthcare_provider","homepage",1,1,false,""
"https://neohealth.ae/home-health-care/elderly-cares?utm_source=openai","neohealth.ae","Brand Service Page","healthcare_provider","inner_page",1,1,false,""
"https://nadzhealthcare.com/doctor-on-call-services/","nadzhealthcare.com","Directory Listing","healthcare_provider","profile",1,1,true,"Doctor on Call at Home Dubai - Nadz Healthcare"
"https://nabdhomecare.com/?utm_source=openai","nabdhomecare.com","Brand Homepage","healthcare_provider","homepage",1,1,false,""
"https://loyalhealthcare.ae/","loyalhealthcare.ae","Brand Homepage","healthcare_provider","homepage",1,1,true,"Home Nursing &amp; Healthcare Services in Dubai | Loyal Care"
"https://intel-care.ae/comprehensive-elderly-care-solutions-at-home-in-dubai/","intel-care.ae","Brand Homepage","healthcare_provider","service_page",1,1,true,"Comprehensive Elderly Care Solutions at Home in Dubai - Intelligent Care"
"https://www.nightingaledubai.com/palliative-care-at-home/","nightingaledubai.com","Brand Homepage","healthcare_provider","service_page",1,1,true,"Palliative Care Services in Dubai | End of Life Care at Home | Nightingale Dubai"
"https://healthcall.ae/home-nursing-dubai?utm_source=openai","healthcall.ae","Brand Service Page","healthcare_provider","inner_page",1,1,false,""
"https://gulfnews.com/uae/health/first-response-healthcare-delivers-healthcare-at-home-with-prestigious-jci-accreditation-1.1655976972746","gulfnews.com","News / PR","news_media","article",1,1,true,"First Response Healthcare: Delivers healthcare-at-home with prestigious JCI accreditation"
"https://www.primehealth.ae/prime-hospital/prime-home-care?utm_source=openai","primehealth.ae","Brand Inner Page","healthcare_provider","inner_page",1,1,false,""
"https://firstresponsehealthcare.com/ae/dubai/doctor-on-call","firstresponsehealthcare.com","Directory Listing","healthcare_provider","profile",1,1,true,"Doctor On Call in Dubai | Doctor At Home | Visits in 30 Mins"
"https://firstresponsehealthcare.com/","firstresponsehealthcare.com","Brand Homepage","healthcare_provider","homepage",1,1,true,"Home Healthcare Services Available 24x7 in UAE & Qatar"
"https://www.simshomehealthcare.ae/services/","simshomehealthcare.ae","Brand Homepage","healthcare_provider","service_page",1,1,true,"SIMS Home Healthcare – 24/7 Home Medical Services in Dubai"
"https://zaubee.com/biz/derby-home-healthcare-8ae4e8b0?utm_source=openai","zaubee.com","Directory Listing","healthcare_directory","listing_page",1,1,false,""
"https://www.uaedigitalnews.com/en/2025/07/22/bringing-the-hospital-home-medcare-revolutionises-home-healthcare/?utm_source=openai","uaedigitalnews.com","News / PR","news_media","article",1,1,false,""
"https://doctorsathome.ae/services/home-nursing-services/?utm_source=openai","doctorsathome.ae","Directory Listing","healthcare_directory","service_page",1,1,false,""